strain_name,n_samples,total_thc,total_cbd,dominant
Garlic Starship,85,31.36194,0.08473,beta_caryophyllene
Super Silver Haze,80,30.76324,0.08528,beta_caryophyllene
Lilac Diesel,77,27.53284,0.06189,terpinolene
Fatso,56,30.377445,0.081015,beta_caryophyllene
GG4,49,25.72665,0.0585,beta_caryophyllene
Sugar Tarts,42,27.60358,0.077325,beta_myrcene
Mac 1,42,26.938115,0.0566,d_limonene
CBX - Cereal Milk - Manicured Flower,42,30.31335,0.0971,d_limonene
Blue Dream,40,25.9076,0.0785,beta_myrcene
Wedding Cake,39,28.27649,0.06848,beta_caryophyllene
Sour Diesel,39,25.30158,0.083405,beta_caryophyllene
GMO,37,31.609625,0.0829,d_limonene
Peanut Butter Breath,35,27.5557,0.06156,d_limonene
Fire OG,31,27.63375,0.05643,beta_myrcene
CBX - L'Orange - Manicured Flower,27,33.0788,0.0802,d_limonene
Hella Jelly,26,25.701935,0.075305,beta_caryophyllene
Mafia Funeral,26,25.62841,0.06293499999999999,beta_caryophyllene
Cultivation LCG,26,28.397,0.07445,d_limonene
CBX - Mount Zereal Kush - Manicured Flower,24,31.08905,0.0877,d_limonene
Lemon Cherry Gelato,24,27.4782,0.068,d_limonene
Pineapple Fruz,24,28.863149999999997,0.0802,d_limonene
Jelly Fish,23,0.69536,17.17478,beta_myrcene
Crop Duster,22,26.402695,0.055475,d_limonene
Cherry AK,22,25.501565,0.060905,beta_myrcene
Lemon Cherry Gelato Bud,22,24.6064,0.1224,d_limonene
Red Eye,22,28.5704,0.0756,d_limonene
Pineapple Shotz,21,30.5318,0.0845,d_limonene
Biscotti Sherbet,20,24.4445,0.1129,d_limonene
Gelonade,20,27.769,0.0862,d_limonene
Red Velvet,20,32.2945,0.0849,d_limonene
Lemon Sponge Cake,19,28.2633,0.0915,beta_caryophyllene
White Truffle Bulk Flower,19,26.0983,0.1039,d_limonene
Cali Gold,19,28.08092,0.05318,beta_myrcene
#007,19,30.2854,0.0894,beta_caryophyllene
HB - Master Kush - Manicured Flower,18,30.4584,0.0875,d_limonene
Ice Cream Cake,18,24.111745,0.0752,beta_caryophyllene
Orange Tree,18,30.558100000000003,0.08224999999999999,beta_caryophyllene
Marathon OG Bud,17,27.2823,0.063,beta_myrcene
Platinum OG,17,24.23859,0.05121,beta_myrcene
Yahemi,17,29.4538,0.2292,beta_caryophyllene
Laughing Gas,17,28.7802,0.0846,d_limonene
Zebra Ztripez,17,26.5448,0.0581,beta_caryophyllene
Papaya Cake,16,28.58917,0.06112,beta_myrcene
Carbon Fiber,16,31.6476,0.0957,beta_caryophyllene
Gello Shotz,16,28.9601,0.0654,beta_caryophyllene
RS11,16,25.5157,0.066,d_limonene
Pave,15,29.3893,0.0974,d_limonene
Papaya Punch,15,27.05,0.074,beta_caryophyllene
CBX - GM-uhoh - Manicured Flower,15,35.3532,0.0875,beta_myrcene
Lemon Cherry Gelato x Zkittlez x Animal Cookies Bud,15,25.3643,0.1153,d_limonene
Permanent Marker,15,26.7163,0.065,d_limonene
Gastro Pop,15,20.42,0.053,beta_caryophyllene
Magic Shotz,14,27.2604,0.0554,d_limonene
SUPER SILVER HAZE,14,28.508049999999997,0.08630499999999999,beta_caryophyllene
Garlic Juice,14,26.43974,0.07899,d_limonene
Magic Marker,14,26.369300000000003,0.0635,d_limonene
GELATO 41,13,25.1262,0.0746,beta_caryophyllene
CBX - French Alps - Manicured Flower,13,30.4147,0.08,d_limonene
Blue Gusher,13,32.715,0.1039,beta_caryophyllene
Dark Nebula,13,28.64834,0.11892,beta_caryophyllene
Cultivation Bolo,13,28.1826,0.0851,d_limonene
Pink Boost Goddess 1/4oz.,13,8.514,0.029,beta_myrcene
The Sauce,13,29.5478,0.4215,beta_caryophyllene
Modified Grapes,12,24.34555,0.0551,beta_caryophyllene
Orange Creamsicle,12,25.508195,0.060335,terpinolene
MAC 1,12,27.769645,0.05953,d_limonene
LA Kush Cake,12,35.726,0.139,beta_caryophyllene
Jealousy Mints,12,26.732525000000003,0.05018,beta_caryophyllene
Jealousy Julep,12,30.33783,0.06333,d_limonene
Grapes & Cream,12,27.365,0.0885,beta_caryophyllene
Glitter Bomb,12,30.67905,0.0809,beta_myrcene
White Truffle,12,29.38,0.07085,d_limonene
Nimbus Snacks,12,25.2532,0.0759,beta_caryophyllene
CBX - Sublime Lime - Manicured Flower,12,25.321350000000002,0.0664,d_limonene
CBX - Kush Mountains - Manicured Flower,12,29.2883,0.0849,d_limonene
CBX - GMUH-OH - Manicured Flower,12,35.5552,0.10669999999999999,beta_myrcene
First Class Funk,12,29.653730000000003,0.07425999999999999,d_limonene
Gelato 33,11,25.3016,0.0888,beta_caryophyllene
TMC x J1 #110,11,18.565,0.0396,terpinolene
TMC x J1 #79,11,31.8537,0.089,beta_caryophyllene
TMC x J1 #128,11,28.9454,0.0752,beta_myrcene
TMC x J1 #124,11,22.6255,0.0525,terpinolene
TMC x J1 #123,11,29.3465,0.0763,beta_caryophyllene
TMC x J1 #119,11,19.1909,0.0405,terpinolene
TMC x J1 #117,11,25.8842,0.0616,d_limonene
TMC x J1 #114,11,19.7028,0.0407,beta_caryophyllene
TMC x J1 #113,11,27.892,0.0695,beta_caryophyllene
TMC x J1 #111,11,26.2151,0.0668,terpinolene
TMC x J1 #105,11,28.2218,0.0761,beta_caryophyllene
TMC x J1 #109,11,20.3758,0.0419,terpinolene
TMC x J1 #81,11,21.2212,0.0462,beta_caryophyllene
TMC x J1 #104,11,32.3934,0.0862,beta_caryophyllene
TMC x J1 #103,11,23.3594,0.056,beta_caryophyllene
TMC x J1 #102,11,19.4749,0.0447,beta_caryophyllene
TMC x J1 #100,11,18.6464,0.0399,terpinolene
Super Runtz,11,24.4735,0.0637,linalool
SPLITZ,11,30.6156,0.0918,beta_myrcene
Cultivation W OG,11,28.0407,0.0923,beta_myrcene
TMC x J1 #80,11,22.8502,0.0567,terpinolene
TMC x J1 #82,11,26.3933,0.0782,d_limonene
Orangutan T,11,27.1142,0.0744,d_limonene
TMC x J1 #83,11,24.1642,0.0655,terpinolene
Trop x SL #9,11,29.8135,0.0971,d_limonene
Trop x SL #7,11,25.0686,0.072,beta_caryophyllene
Trop x SL #6,11,30.1849,0.0837,d_limonene
Trop x SL #4,11,25.8102,0.0566,beta_myrcene
Trop x SL #2,11,24.3306,0.0608,d_limonene
Trop x SL #10,11,23.4733,0.0628,beta_myrcene
Trop x SL #1,11,22.889,0.0624,beta_caryophyllene
Caribbean Cookies,11,24.47,0.06,beta_caryophyllene
Tangie,11,27.6316,0.0748,beta_caryophyllene
TUSCAN GELATO,11,24.8645,0.0701,beta_myrcene
TMC x J1 #99,11,24.9837,0.064,terpinolene
TMC x J1 #98,11,26.3262,0.0542,terpinolene
TMC x J1 #96,11,28.7805,0.094,beta_caryophyllene
TMC x J1 #95,11,17.8238,0.0443,terpinolene
TMC x J1 #94,11,29.5295,0.0765,beta_caryophyllene
TMC x J1 #92,11,29.1278,0.0781,d_limonene
TMC x J1 #91,11,25.9271,0.0747,terpinolene
TMC x J1 #90,11,24.4377,0.0531,terpinolene
TMC x J1 #88,11,20.5286,0.0359,terpinolene
TMC x J1 #87,11,22.5246,0.0481,terpinolene
TMC x J1 #86,11,27.8049,0.0848,beta_myrcene
Cultivation Z-Pie,11,29.4387,0.1247,d_limonene
Cheetah Piss,11,20.29095,0.04679,beta_caryophyllene
FTP,11,28.5053,0.0757,d_limonene
CANNA CRUZ KUSH,11,28.4382,0.0824,beta_myrcene
Dutch Treat,11,24.8224,0.1041,terpinolene
Black Runtz,11,23.6072,0.0617,d_limonene
BLUEBERRY YUM YUM,11,21.8917,0.0667,d_limonene
Jetlato Crashers,11,25.90635,0.07203,d_limonene
Headband,11,33.2635,0.098,beta_caryophyllene
Governmint Oasis,11,31.35085,0.0987,d_limonene
Banana Cream Cake & Jealousy Bud,11,28.6946,0.11,d_limonene
GHOST VAPOR OG,11,22.873,0.0854,beta_myrcene
Guava,11,22.923,0.0674,beta_caryophyllene
Gush Mints,11,32.0432,0.1437,d_limonene
LA Runtz,10,35.9957,0.1082,beta_caryophyllene
Lantz,10,24.7888,0.0935,d_limonene
STAR-Berry Cough,10,26.566499999999998,0.06278500000000001,d_limonene
Cereal Milk,10,31.4804,0.0863,beta_caryophyllene
Larry Bird,10,25.504775000000002,0.05377,d_limonene
Banana Cream,10,29.33865,0.0834,d_limonene
Caffeine,10,29.68545,0.053,d_limonene
Gelatti,10,25.0849,0.0563,beta_caryophyllene
Marathon,10,28.6108,0.08460000000000001,d_limonene
Purple Push Pop,10,25.583,0.08355,d_limonene
Platinum Blue Dream,10,25.446,0.0625,beta_caryophyllene
CBX - Grape Gasby - Manicured Flower,10,29.4151,0.0838,d_limonene
Pave Bud,10,30.3304,0.0955,d_limonene
Georgia Pie,10,28.0484,0.0717,d_limonene
FLR050624SPM_Supermon,10,32.4347,0.0866,d_limonene
Oreoz x Runtz Bud,10,28.8537,0.087,d_limonene
R*ntz,10,26.329335,0.05784,d_limonene
Papaya Bomb,9,32.5578,1.0156,beta_caryophyllene
Jellyfish,8,0.7648900000000001,17.14937,beta_myrcene
Lemonz,7,11.02,6.1,beta_myrcene
4n Trident CBD (4TDT) J49205,6,6.13,11.35,beta_myrcene
Love and Laughter,6,0.5937,13.9502,beta_myrcene
Royal Blueberry,6,10.2115,11.7036,beta_myrcene
Royal Blueberry 1/4oz,6,12.6816,14.64695,beta_myrcene
Strawberry G,6,6.7001,14.5836,beta_myrcene
Rose Queen 1/4oz.,5,0.9548,23.6169,beta_myrcene
Four Directions 1/4oz.,5,5.5057,6.9354,beta_myrcene
Tangelo Flow,4,9.587029999999999,13.217105,beta_caryophyllene
Bulk | Esensia | Pennywise,3,10.3538,12.7802,beta_myrcene
Banner Kush,3,7.25,10.34,beta_caryophyllene
Hog Wash Farms - Gas Pedal CBD 1:1,3,15.03,13.01,beta_myrcene
13.27.01,3,3.45,8.61,beta_myrcene
13.27.02,3,3.39,8.6,beta_myrcene
Harmony Rose 1/4oz,3,6.3484,7.7191,other
HFP401,3,8.13,10.6,beta_caryophyllene
13.27.03,3,3.24,3.29,beta_caryophyllene
13.27.04,3,1.81,6.59,beta_myrcene
13.27.06,3,2.4,7.52,beta_myrcene
Bohemian Chemist -  Hedonia,3,15.8,1.04,terpinolene
Mighty Quinn 9/23,3,5.61,8.57,beta_caryophyllene
Emerald CBDV 1/4oz.,3,0.4145,8.8818,beta_myrcene
08.S1.04,3,0.38,9.68,beta_myrcene
GSH100823GLB 3:1,3,5.1252,15.13,beta_myrcene
08.S1.03,3,0.38,10.07,beta_caryophyllene
08.S1.02,3,0.48,12.69,beta_myrcene
10.S3.87,3,0.309,8.16,beta_myrcene
13.27.07,3,4.04,8.58,beta_myrcene
First Frost CBD Dry Flower,3,1.0239,24.5392,beta_myrcene
08.S1.07,3,0.364,9.75,alpha_pinene
13.27.14,3,4.32,8.99,beta_myrcene
08.S1.06,3,6.76,9.54,beta_caryophyllene
13.27.11,3,2.37,6.83,beta_myrcene
13.27.17,3,2.98,8.33,beta_myrcene
13.27.10,3,3.24,7.96,beta_myrcene
08.S1.01,3,0.59,15.0,alpha_pinene
13.27.09,3,3.11,9.07,alpha_pinene
Love Laughter,3,0.5674,13.9679,beta_myrcene
Four Directions 1/4oz,3,10.7298,13.2742,beta_myrcene
08.S1.05,3,0.54,12.53,beta_myrcene
Rose Queen 1/4oz,3,0.7603,18.3283,beta_myrcene
13.27.12,3,0.215,5.8,beta_caryophyllene
Super High Life #02 (SHL) J48718,2,6.96,13.41,beta_myrcene
Super High Life #08 (SHL) J48724,2,10.4,17.2,beta_myrcene
Super High Life #09 (SHL) J48725,2,7.91,15.6,beta_myrcene
Super High Life #11 (SHL) J48727,2,19.57,3.15,beta_myrcene
Chemberry,2,0.8167,19.2249,beta_myrcene
Iran #03 (IRAN) J47780,2,0.279,5.34,terpinolene
Stoney Branch Farms - Godfather OG,2,0.74,17.4,beta_myrcene
Hemp Hop - Sun Run,2,5.35,9.89,beta_myrcene
Hemp Hop - Tropicolada,2,2.97,15.34,beta_myrcene
Horn Creek - Lifter,2,0.78,17.63,beta_myrcene
Horn Creek - Oregon Sweet Gum,2,0.93,23.55,beta_myrcene
Super High Life #10 (SHL) J48726,2,8.82,15.79,beta_myrcene
