strain_name,n_samples,pc1,pc2,dominant
Garlic Starship,85,-0.8697384272239421,-0.21226054949179024,beta_caryophyllene
Super Silver Haze,80,-0.2201679299850889,1.6805300169019608,beta_caryophyllene
Lilac Diesel,77,2.7545490439087734,-1.220733189936333,terpinolene
Fatso,56,-1.0205594456547327,-0.12782257056575214,beta_caryophyllene
GG4,49,-0.48249943172402415,-0.40526935518718965,beta_caryophyllene
Mac 1,42,-0.7700332169746205,-1.1647140883601952,d_limonene
Sugar Tarts,42,-0.9564839654368643,0.15078965004243391,beta_caryophyllene
CBX - Cereal Milk - Manicured Flower,42,-0.11220409983007278,-1.4280624377852105,d_limonene
Blue Dream,40,-0.7722219457494586,-0.17727260921290228,beta_myrcene
Wedding Cake,39,-0.9038696698565223,-0.13801665630075152,beta_caryophyllene
Sour Diesel,39,-0.9644604702882013,-0.30670545779225294,beta_caryophyllene
GMO,37,-0.7486802609711715,-0.04009453723487348,d_limonene
Peanut Butter Breath,35,0.03270641587845853,-1.0243879265818345,d_limonene
Fire OG,31,-0.8134844027546543,0.34379658361385396,beta_myrcene
CBX - L'Orange - Manicured Flower,27,-0.6292635769020933,0.8366483327059334,d_limonene
Hella Jelly,26,-0.8821410651966738,-0.6854029543650094,beta_caryophyllene
Mafia Funeral,26,-0.1729619824919436,-1.26413829627598,beta_caryophyllene
Cultivation LCG,26,-0.7043125321447388,2.4417092391024955,d_limonene
Lemon Cherry Gelato,24,-0.46099569111063615,0.5113883954843056,d_limonene
CBX - Mount Zereal Kush - Manicured Flower,24,-0.28570049343671505,-0.14293241532612447,d_limonene
Pineapple Fruz,24,-0.14086178506652253,-1.5753505066522104,d_limonene
Jelly Fish,23,-0.3314264405518444,1.692599144824364,beta_myrcene
Red Eye,22,-0.15782771514289162,-0.45306148656416523,d_limonene
Cherry AK,22,0.43385221096711385,-1.87136737376217,beta_myrcene
Crop Duster,22,-0.17163793092921556,-1.086966225348382,d_limonene
Lemon Cherry Gelato Bud,22,-0.9104321095388507,0.5734397221834725,d_limonene
Pineapple Shotz,21,0.1361155642390714,-1.4072283127408327,d_limonene
Red Velvet,20,-0.35278068466361073,-0.8916670863270187,d_limonene
Biscotti Sherbet,20,-0.4024948806113241,-0.8026884460384179,d_limonene
Gelonade,20,-0.12934639710630125,-0.9017428290419777,d_limonene
#007,19,-0.40066348467923746,-0.6801676053206066,beta_caryophyllene
Lemon Sponge Cake,19,-0.5270597252803274,-1.346989646386147,beta_caryophyllene
Cali Gold,19,-0.900277547756973,0.39544671257462943,beta_myrcene
White Truffle Bulk Flower,19,0.02567415929946569,-0.8597116497464558,d_limonene
Ice Cream Cake,18,-1.1222078707574938,-0.10178999321176142,beta_caryophyllene
HB - Master Kush - Manicured Flower,18,-0.7223279011322876,0.2861072485231821,d_limonene
Orange Tree,18,-0.776427262157673,0.03984646800360678,beta_caryophyllene
Laughing Gas,17,-0.14044588962800894,-0.747449541460216,d_limonene
Marathon OG Bud,17,-0.834793464494318,0.7600196086670781,beta_myrcene
Platinum OG,17,-0.578721501871663,0.41464844936512346,beta_myrcene
Yahemi,17,-0.3433582546565602,-1.0134673645423287,beta_caryophyllene
Zebra Ztripez,17,-0.2707018398806594,-1.5592704208210262,beta_caryophyllene
RS11,16,-0.43777610945924067,-0.22389428355274688,d_limonene
Gello Shotz,16,-1.0845344924314946,-0.43257783818572404,beta_caryophyllene
Papaya Cake,16,-0.6608258887281694,1.534675050901387,beta_myrcene
Carbon Fiber,16,-0.34099529288907005,-1.4108963088294202,beta_caryophyllene
Lemon Cherry Gelato x Zkittlez x Animal Cookies Bud,15,-0.9233703947005164,1.1904200391189703,d_limonene
CBX - GM-uhoh - Manicured Flower,15,-0.6495960219236033,-0.012914221667929686,beta_myrcene
Gastro Pop,15,-0.3754366288632134,-0.21520865567586822,beta_caryophyllene
Permanent Marker,15,-0.3002304159344614,-0.9228971495852414,beta_caryophyllene
Pave,15,-0.38104515873849276,-1.1184730472069269,d_limonene
Papaya Punch,15,-0.7114052543584073,-0.820036416499523,beta_caryophyllene
SUPER SILVER HAZE,14,-0.33595717029337296,1.6546221189645878,beta_caryophyllene
Magic Shotz,14,-0.292617518075046,-1.321651661809883,d_limonene
Magic Marker,14,-0.08099711496877945,-1.4370304783538919,d_limonene
Garlic Juice,14,-0.8239900517558135,1.675109576562768,d_limonene
The Sauce,13,-0.5758900779418885,-1.2117967772678953,beta_caryophyllene
Cultivation Bolo,13,-0.6846098000947717,2.4947895127636643,d_limonene
Pink Boost Goddess 1/4oz.,13,2.3565140654491477,-0.6360261106642304,beta_myrcene
GELATO 41,13,-0.031082591812007322,-1.1410019416428083,beta_caryophyllene
Blue Gusher,13,-0.8162811912826643,-1.4704088695512783,beta_caryophyllene
Dark Nebula,13,-1.0055039019492429,0.16511527025907693,beta_caryophyllene
CBX - French Alps - Manicured Flower,13,-0.7855475012373647,0.6126986369291293,d_limonene
Glitter Bomb,12,0.023095401448487755,-1.0391517714455685,beta_myrcene
Grapes & Cream,12,-0.8377646768301567,-0.6765527062311643,beta_caryophyllene
CBX - GMUH-OH - Manicured Flower,12,-0.5937259100164857,0.11402238059572244,d_limonene
Orange Creamsicle,12,1.7471656247805383,0.17341285721852612,terpinolene
Nimbus Snacks,12,1.4299936524583161,0.3481710083818278,terpinolene
Modified Grapes,12,-0.11744912935988325,-1.2804680668444357,d_limonene
CBX - Kush Mountains - Manicured Flower,12,-0.7530037914678069,0.8722988077418328,d_limonene
MAC 1,12,-0.7741054747097272,-1.3715395363101508,d_limonene
First Class Funk,12,-0.5292894465272234,-0.7635925007845775,d_limonene
White Truffle,12,-0.10216418509955566,-0.7333610317165647,d_limonene
LA Kush Cake,12,-0.6723359331197032,1.1831784380729937,beta_caryophyllene
Jealousy Julep,12,-0.014138278778217496,0.3825293757920204,d_limonene
Jealousy Mints,12,-0.9626973850654215,-0.1377937576132586,beta_caryophyllene
CBX - Sublime Lime - Manicured Flower,12,-0.22429247803626046,-0.34057355552535545,d_limonene
TMC x J1 #80,11,1.7919365147111053,0.5995122410937148,terpinolene
TMC x J1 #81,11,0.3271670874562591,-0.3531733869058461,beta_caryophyllene
TMC x J1 #117,11,0.44914511203526714,-0.1355636778326232,d_limonene
TMC x J1 #114,11,0.06055027666115068,-0.04345478595896335,beta_caryophyllene
TMC x J1 #79,11,0.2878721469402097,1.173771006268574,beta_caryophyllene
TMC x J1 #128,11,0.3183672922110565,0.7392565397585813,beta_myrcene
TMC x J1 #82,11,0.6516221314281988,0.6281504281404868,d_limonene
TMC x J1 #83,11,1.6798333035023878,-0.2828550224296336,terpinolene
TMC x J1 #113,11,-0.26611767111665496,-0.09359813092788516,beta_caryophyllene
TMC x J1 #86,11,0.7300649135458772,-0.056721135260301765,beta_myrcene
TMC x J1 #119,11,2.5587104925422457,0.8536929331551334,terpinolene
TMC x J1 #87,11,1.9534144741472192,-0.841497277061189,terpinolene
TMC x J1 #88,11,2.5298028262411743,0.9947430947274685,terpinolene
TMC x J1 #123,11,0.42544197089406416,-0.153173137707012,beta_caryophyllene
TMC x J1 #124,11,2.4572314210872594,0.3125025590793413,terpinolene
TMC x J1 #95,11,2.2800914494701168,1.4311354565917351,terpinolene
TMC x J1 #90,11,2.832161233276032,0.9139756549818796,terpinolene
TMC x J1 #91,11,2.5162463133630144,1.0040054588455753,terpinolene
Banana Cream Cake & Jealousy Bud,11,-0.5197613331681956,2.0510592044565232,d_limonene
Black Runtz,11,-0.8472199154805312,1.231197884217456,d_limonene
Trop x SL #9,11,0.6848332793038151,-0.8018778043690573,d_limonene
Trop x SL #7,11,0.45737591141340356,-0.7565036542409163,beta_caryophyllene
Trop x SL #6,11,0.6607452996549302,0.9388031504569345,d_limonene
Trop x SL #4,11,0.5531427754784689,0.46186509950201216,beta_myrcene
Trop x SL #2,11,0.5179553247187277,0.09494018570144379,d_limonene
Trop x SL #10,11,0.7622268017532525,0.7917647169765402,beta_myrcene
Trop x SL #1,11,0.12851830814454218,0.31601918378679894,beta_caryophyllene
Tangie,11,0.4712469779962014,0.1750384356155829,beta_caryophyllene
TUSCAN GELATO,11,0.2530592737552672,-1.2517195231518323,beta_myrcene
TMC x J1 #99,11,2.223696263344084,-0.9863277835259805,terpinolene
TMC x J1 #98,11,2.092103793029977,-0.4253770856164906,terpinolene
TMC x J1 #96,11,1.121172240378887,0.8969155951435224,beta_caryophyllene
TMC x J1 #110,11,2.3670045732571916,1.4632345294629823,terpinolene
TMC x J1 #94,11,0.5369083733550027,-0.3737643658183911,beta_caryophyllene
TMC x J1 #92,11,0.6376736937423405,1.668052162231608,d_limonene
TMC x J1 #111,11,2.025477178639332,0.049479987206535694,terpinolene
CANNA CRUZ KUSH,11,-0.7003836652999919,0.6896230384074788,beta_myrcene
TMC x J1 #109,11,2.109388385907827,-0.9256397621717796,terpinolene
TMC x J1 #105,11,0.09128822299472875,-0.19504236052369425,beta_caryophyllene
Jetlato Crashers,11,-0.4959200951938306,-0.5448919128296542,d_limonene
Dutch Treat,11,2.404206718297669,-0.7643707699094653,terpinolene
Cultivation Z-Pie,11,-0.1934490561892951,-0.0413072382960231,d_limonene
Headband,11,-0.7360055429121747,-0.4739121958991187,beta_caryophyllene
Cultivation W OG,11,-0.6897106005037995,0.5408883968554316,beta_myrcene
Cheetah Piss,11,-0.2059413266921765,-1.6054339519683132,beta_caryophyllene
Gush Mints,11,-0.47630741048634295,1.234192767204141,d_limonene
BLUEBERRY YUM YUM,11,-0.6879072804838328,-0.005745241153143725,d_limonene
Caribbean Cookies,11,-0.6591351789890199,2.0232869341379853,beta_caryophyllene
Guava,11,-0.22827914642998348,1.161272044905676,beta_caryophyllene
Orangutan T,11,-0.8565588310260724,0.8269484477134407,d_limonene
Governmint Oasis,11,-0.7609806995443672,-0.27748292676354797,d_limonene
Super Runtz,11,-0.6654422180827171,2.078011709577428,d_limonene
TMC x J1 #104,11,-0.0968021631330981,0.10272987750827375,beta_caryophyllene
GHOST VAPOR OG,11,0.20499953212304328,-1.130823024546115,beta_myrcene
TMC x J1 #103,11,-0.053459664134398954,-0.414575467325631,beta_caryophyllene
SPLITZ,11,-0.5875673210314231,0.4817422147236179,beta_myrcene
TMC x J1 #102,11,0.3555261065612982,-0.38846899696404064,beta_caryophyllene
Gelato 33,11,0.005191504699439328,0.554099267768449,d_limonene
TMC x J1 #100,11,2.69553094274192,0.7935200666879964,terpinolene
FTP,11,-0.6704255728880661,0.9817474925247033,d_limonene
Purple Push Pop,10,-0.26068908363293325,-0.6429812433765464,d_limonene
Banana Cream,10,-0.6089527184869615,2.122448491163391,d_limonene
FLR050624SPM_Supermon,10,1.2922466587021118e-05,-1.6864633851285855,d_limonene
LA Runtz,10,-0.36467431916986276,1.6397939901695355,beta_caryophyllene
Lantz,10,-0.9695130389247045,1.258408346103238,d_limonene
Larry Bird,10,0.5892387556446026,0.4853751173288773,d_limonene
Cereal Milk,10,-1.096707389586265,-0.1908766700306728,beta_caryophyllene
CBX - Grape Gasby - Manicured Flower,10,-0.9234971630445028,0.502404444338609,d_limonene
STAR-Berry Cough,10,-1.0307234210160747,0.6303568315188722,beta_myrcene
Gelatti,10,-0.09490047489101029,-2.016566287862354,beta_caryophyllene
Oreoz x Runtz Bud,10,-0.8936614943931411,0.7369428487437373,d_limonene
R*ntz,10,0.9660064569759207,1.9074854811095656,d_limonene
Pave Bud,10,-0.8500566744697878,0.046163841746091464,d_limonene
Caffeine,10,-0.14739756780436694,-0.9229839936565936,d_limonene
Georgia Pie,10,-0.35739372782629913,-1.465189283496821,d_limonene
Platinum Blue Dream,10,-0.9934497712600644,-0.3695431112577981,beta_caryophyllene
Marathon,10,-0.8526326169426003,0.8579130103785046,d_limonene
